threshold,stations_flagged,pct_stations_flagged
0.01,393,0.2366044551475015
0.03,279,0.16797110174593619
0.05,231,0.1390728476821192
0.1,145,0.08729680915111379
0.15,108,0.0650210716435882
0.2,93,0.055990367248645395
